id,platform,event_name,publish_time,content,like_count,comment_count,repost_count,author_type,target
1,问卷,课程体验调研,2026-03-10,希望课程案例更多结合真实社会数据，这样更容易理解大数据分析的价值。,0,0,0,学生,课程
2,问卷,课程体验调研,2026-03-10,老师讲得很清楚，但是工具操作部分速度有点快。,0,0,0,学生,课程
3,问卷,课程体验调研,2026-03-10,我担心自己代码基础弱，后面项目会跟不上。,0,0,0,学生,课程
4,问卷,课程体验调研,2026-03-10,支持增加小组讨论，能帮助我们把方法和选题联系起来。,0,0,0,学生,课程
5,问卷,课程体验调研,2026-03-10,希望作业要求更明确，比如数据量、图表数量、报告结构。,0,0,0,学生,课程
6,问卷,课程体验调研,2026-03-10,如果能提供模板和样例数据，会降低入门难度。,0,0,0,学生,课程
7,问卷,课程体验调研,2026-03-10,课程内容有用，但有些概念还需要课后复习。,0,0,0,学生,课程
8,问卷,课程体验调研,2026-03-10,不太满意软件安装环节，遇到问题时不知道怎么解决。,0,0,0,学生,课程
9,问卷,课程体验调研,2026-03-10,希望评价标准透明一点，尤其是个人贡献如何体现。,0,0,0,学生,课程
10,问卷,课程体验调研,2026-03-10,整体体验不错，项目制学习让我更有参与感。,0,0,0,学生,课程

